name	title	slot_uri	comments	description	examples	in_subset	keywords	multivalued	pattern	range	recommended	required	string_serialization	structured_pattern	Expected_value	Preferred_unit
adapters	adapters	MIXS:0000048		Adapters provide priming sequences for both amplification and sequencing of the sample-library fragments. Both adapters should be reported; in uppercase letters	{'value': 'AATGATACGGCGACCACCGAGATCTACACGCT;CAAGCAGAAGACGGCATACGAGAT'}	sequencing				string	True		{dna};{dna}		adapter A and B sequence	
alt	altitude	MIXS:0000094		Heights of objects such as airplanes, space shuttles, rockets, atmospheric balloons and heights of places such as atmospheric layers and clouds. It is used to measure the height of an object which is above the earth's surface. In this context, the altitude measurement is the vertical distance between the earth's surface above sea level and the sampled position in the air	{'value': '100 meter'}	environment			^[-+]?[0-9]*\.?[0-9]+(?:[eE][-+]?[0-9]+)?( *- *[-+]?[0-9]*\.?[0-9]+(?:[eE][-+]?[0-9]+)?)? *([^\s-]{1,2}|[^\s-]+.+[^\s-]+)$	string	True			{'syntax': '^{scientific_float}( *- *{scientific_float})? *{text}$', 'interpolated': True, 'partial_match': True}		meter
ances_data	ancestral data	MIXS:0000247		Information about either pedigree or other ancestral information description (e.g. parental variety in case of mutant or selection), e.g. A/3*B (meaning [(A x B) x B] x B)	{'value': 'A/3*B'}					string						
annot	annotation	MIXS:0000059		Tool used for annotation, or for cases where annotation was provided by a community jamboree or model organism database rather than by a specific submitter	{'value': 'prokka'}	sequencing				string	True		{text}		name of tool or pipeline used, or annotation source description	
assembly_name	assembly name	MIXS:0000057		Name/version of the assembly provided by the submitter that is used in the genome browsers and in the community	{'value': 'HuRef, JCVI_ISG_i3_1.0'}	sequencing				string	True		{text} {text}		name and version of assembly	
assembly_qual	assembly quality	MIXS:0000056		The assembly quality category is based on sets of criteria outlined for each assembly quality category. For MISAG/MIMAG; Finished: Single, validated, contiguous sequence per replicon without gaps or ambiguities with a consensus error rate equivalent to Q50 or better. High Quality Draft:Multiple fragments where gaps span repetitive regions. Presence of the 23S, 16S and 5S rRNA genes and at least 18 tRNAs. Medium Quality Draft:Many fragments with little to no review of assembly other than reporting of standard assembly statistics. Low Quality Draft:Many fragments with little to no review of assembly other than reporting of standard assembly statistics. Assembly statistics include, but are not limited to total assembly size, number of contigs, contig N50/L50, and maximum contig length. For MIUVIG; Finished: Single, validated, contiguous sequence per replicon without gaps or ambiguities, with extensive manual review and editing to annotate putative gene functions and transcriptional units. High-quality draft genome: One or multiple fragments, totaling   90% of the expected genome or replicon sequence or predicted complete. Genome fragment(s): One or multiple fragments, totalling < 90% of the expected genome or replicon sequence, or for which no genome size could be estimated	{'value': 'High-quality draft genome'}	sequencing	quality			string	True		[Finished genome|High-quality draft genome|Medium-quality draft genome|Low-quality draft genome|Genome fragment(s)]		enumeration	
assembly_software	assembly software	MIXS:0000058		Tool(s) used for assembly, including version number and parameters	{'value': 'metaSPAdes;3.11.0;kmer set 21,33,55,77,99,121, default parameters otherwise'}	sequencing	software		^([^\s-]{1,2}|[^\s-]+.+[^\s-]+);([^\s-]{1,2}|[^\s-]+.+[^\s-]+);([^\s-]{1,2}|[^\s-]+.+[^\s-]+)$	string	True			{'syntax': '^{software};{version};{parameters}$', 'interpolated': True, 'partial_match': True}		
associated_resource	relevant electronic resources	MIXS:0000091		A related resource that is referenced, cited, or otherwise associated to the sequence	{'value': 'http://www.earthmicrobiome.org/'}	sequencing	resource	True		string	True		{PMID}|{DOI}|{URL}		reference to resource	
biocultural_label	biocultural label	MIXS:999999927		Relevant biocultural labels defined by the local contexts project (https://localcontexts.org/label/bc-provenance/) that describe in what ways this data can be reused, as permitted by any associated native or indigenous peoples or communities.	{'value': 'BC MC;BC CV'}	ethics	ethics	True		BioCulturalLabel	False	False			Relevant biocultural label from https://localcontexts.org/labels/biocultural-labels/	
biol_stat	biological status	MIXS:0000858		The level of genome modification	{'value': 'natural'}		status			string			[wild|natural|semi-natural|inbred line|breeder's line|hybrid|clonal selection|mutant]		enumeration	
blood_press_diast	host blood pressure diastolic	MIXS:0000258		Resting diastolic blood pressure, measured as mm mercury			host|host.|pressure		^[-+]?[0-9]*\.?[0-9]+(?:[eE][-+]?[0-9]+)?( *- *[-+]?[0-9]*\.?[0-9]+(?:[eE][-+]?[0-9]+)?)? *([^\s-]{1,2}|[^\s-]+.+[^\s-]+)$	string				{'syntax': '^{scientific_float}( *- *{scientific_float})? *{text}$', 'interpolated': True, 'partial_match': True}		millimeter mercury
blood_press_syst	host blood pressure systolic	MIXS:0000259		Resting systolic blood pressure, measured as mm mercury			host|host.|pressure		^[-+]?[0-9]*\.?[0-9]+(?:[eE][-+]?[0-9]+)?( *- *[-+]?[0-9]*\.?[0-9]+(?:[eE][-+]?[0-9]+)?)? *([^\s-]{1,2}|[^\s-]+.+[^\s-]+)$	string				{'syntax': '^{scientific_float}( *- *{scientific_float})? *{text}$', 'interpolated': True, 'partial_match': True}		millimeter mercury
chem_administration	chemical administration	MIXS:0000751		List of chemical compounds administered to the host or site where sampling occurred, and when (e.g. Antibiotics, n fertilizer, air filter); can include multiple compounds. For chemical entities of biological interest ontology (chebi) (v 163), http://purl.bioontology.org/ontology/chebi	{'value': 'agar [CHEBI:2509];2018-05-11T20:00Z'}		administration	True		string			{termLabel} [{termID}];{timestamp}		CHEBI;timestamp	
collection_date	collection date	MIXS:0000011		The time of sampling, either as an instance (single point in time) or interval. In case no exact time is available, the date/time can be right truncated i.e. all of these are valid times: 2008-01-23T19:23:10+00:00; 2008-01-23T19:23:10; 2008-01-23; 2008-01; 2008; Except: 2008-01; 2008 all are ISO8601 compliant	{'value': '2013-03-25T12:42:31+01:00'}	environment	date			datetime		True				
cultural_era	cultural era or period	MIXS:999999902		The cultural era approximating to the period in which the archaeological remains existed in. Where possible use terms from ontologies such as Chronontology (https://chronontology.dainst.org/) or PeriodO (https://perio.do/en/).	{'value': 'Not collected'}	nucleic acid sequence source	ancient|age	False		string	False	False	{termLabel} [{termID}]|{text}		chronotology or PeriodO term; text	
damage_treatment	Damage treatment type	MIXS:999999903		Indication of whether characteristic ancient DNA damage has been  altered or removed from a DNA extract in a laboratory	{'value': 'partial-removal'}	sequencing	ancient	True		DamageTreatmentEnum	True	True			enumeration	
data_filt_applied	Data filtering applied	MIXS:999999933		Specify whether associated data was filtered prior to upload, such as host reads removal.	{'value': 'yes'}	sequencing	data analysis	False		boolean	True	False			Whether associated data was filtered	
depth	depth	MIXS:0000018		The vertical distance below local surface. For sediment or soil samples depth is measured from sediment or soil surface, respectively. Depth can be reported as an interval for subsurface samples	{'value': '10 meter'}	environment	depth		^[-+]?[0-9]*\.?[0-9]+(?:[eE][-+]?[0-9]+)?( *- *[-+]?[0-9]*\.?[0-9]+(?:[eE][-+]?[0-9]+)?)? *([^\s-]{1,2}|[^\s-]+.+[^\s-]+)$	string	True			{'syntax': '^{scientific_float}( *- *{scientific_float})? *{text}$', 'interpolated': True, 'partial_match': True}		meter
desc_read_state	description of read state	MIXS:999999933		Description of the state of the reads in the sequencing data file. Describe any in silico processing or modification of the sequencing reads away from the original state as received from the sequencer. This should include details such as adapter-, barcode-, and/or quality- trimming, or any filtering such as for read length or of off-target reads.	{'value': 'Demultiplexed with bcl2fastq, inline barcodes removed, and reads quality filtered with fastp (v1.0.0).'}	sequencing	data analysis|data	False		string	True	False			description of any modifications to data away from original raw files	
elev	elevation	MIXS:0000093		Elevation of the sampling site is its height above a fixed reference point, most commonly the mean sea level. Elevation is mainly used when referring to points on the earth's surface, while altitude is used for points above the surface, such as an aircraft in flight or a spacecraft in orbit	{'value': '100 meter'}	environment	elevation		^[-+]?[0-9]*\.?[0-9]+(?:[eE][-+]?[0-9]+)?( *- *[-+]?[0-9]*\.?[0-9]+(?:[eE][-+]?[0-9]+)?)? *([^\s-]{1,2}|[^\s-]+.+[^\s-]+)$	string	True			{'syntax': '^{scientific_float}( *- *{scientific_float})? *{text}$', 'interpolated': True, 'partial_match': True}		meter
env_broad_scale	broad-scale environmental context	MIXS:0000012		Report the major environmental system the sample or specimen came from. The system(s) identified should have a coarse spatial grain, to provide the general environmental context of where the sampling was done (e.g. in the desert or a rainforest). We recommend using subclasses of EnvO s biome class:  http://purl.obolibrary.org/obo/ENVO_00000428. EnvO documentation about how to use the field: https://github.com/EnvironmentOntology/envo/wiki/Using-ENVO-with-MIxS	{'value': 'rangeland biome [ENVO:01000247]'}	environment	context|environmental		^([^\s-]{1,2}|[^\s-]+.+[^\s-]+) \[[a-zA-Z]{2,}:[a-zA-Z0-9]\d+\]$	string		True		{'syntax': '^{termLabel} \\[{termID}\\]$', 'interpolated': True, 'partial_match': True}		
env_local_scale	local environmental context	MIXS:0000013		Report the entity or entities which are in the sample or specimen s local vicinity and which you believe have significant causal influences on your sample or specimen. We recommend using EnvO terms which are of smaller spatial grain than your entry for env_broad_scale. Terms, such as anatomical sites, from other OBO Library ontologies which interoperate with EnvO (e.g. UBERON) are accepted in this field. EnvO documentation about how to use the field: https://github.com/EnvironmentOntology/envo/wiki/Using-ENVO-with-MIxS	{'value': 'hillside [ENVO:01000333]'}	environment	context|environmental			string		True	{termLabel} [{termID}]		Environmental entities having causal influences upon the entity at time of sampling	
env_medium	environmental medium	MIXS:0000014		Report the environmental material(s) immediately surrounding the sample or specimen at the time of sampling. We recommend using subclasses of 'environmental material' (http://purl.obolibrary.org/obo/ENVO_00010483). EnvO documentation about how to use the field: https://github.com/EnvironmentOntology/envo/wiki/Using-ENVO-with-MIxS . Terms from other OBO ontologies are permissible as long as they reference mass/volume nouns (e.g. air, water, blood) and not discrete, countable entities (e.g. a tree, a leaf, a table top)	{'value': 'bluegrass field soil [ENVO:00005789]'}	environment	environmental		^([^\s-]{1,2}|[^\s-]+.+[^\s-]+) \[[a-zA-Z]{2,}:[a-zA-Z0-9]\d+\]$	string		True		{'syntax': '^{termLabel} \\[{termID}\\]$', 'interpolated': True, 'partial_match': True}		
experimental_factor	experimental factor	MIXS:0000008		Variable aspects of an experiment design that can be used to describe an experiment, or set of experiments, in an increasingly detailed manner. This field accepts ontology terms from Experimental Factor Ontology (EFO) and/or Ontology for Biomedical Investigations (OBI)	{'value': 'time series design [EFO:0001779]'}	investigation	experimental|factor	True	^\S+.*\S+ \[[a-zA-Z]{2,}:\d+\]$	string	True		{termLabel} [{termID}]|{text}		text or EFO and/or OBI	
experimental_procedures	experimental procedures	MIXS:999999907		Provide a DOI or URL to refer to the paper where the field report, nucleic acid extraction,  library construction, and other procedures are explained in more detail, e.g. the paper reporting the data.	{'value': 'doi:10.1093/nar/gkr771'}	nucleic acid sequence source		True	^^PMID:\d+$|^doi:10.\d{2,9}/.*$|^https?:\/\/(?:www\.)?[-a-zA-Z0-9@:%._\+~#=]{1,256}\.[a-zA-Z0-9()]{1,6}\b(?:[-a-zA-Z0-9()@:%_\+.~#?&\/=]*)$$	string				{'syntax': '^{PMID}|{DOI}|{URL}$', 'interpolated': True, 'partial_match': True}		
feat_pred	feature prediction	MIXS:0000061		Method used to predict UViGs features such as ORFs, integration site, etc	{'value': 'Prodigal;2.6.3;default parameters'}	sequencing	feature|predict		^([^\s-]{1,2}|[^\s-]+.+[^\s-]+);([^\s-]{1,2}|[^\s-]+.+[^\s-]+);([^\s-]{1,2}|[^\s-]+.+[^\s-]+)$	string				{'syntax': '^{software};{version};{parameters}$', 'interpolated': True, 'partial_match': True}		
genetic_mod	genetic modification	MIXS:0000859		Genetic modifications of the genome of an organism, which may occur naturally by spontaneous mutation, or be introduced by some experimental means, e.g. specification of a transgene or the gene knocked-out or details of transient transfection	{'value': 'aox1A transgenic'}					string			{PMID}|{DOI}|{URL}		PMID, DOI, URL or text	
genomic_capture_probe_desc	enrichment probe design description	MIXS:999999931		Description of target enrichment probe designs used (e.g., species included, sequences, type, company). This can include custom kits (please provide a general description and DOI if available) or commercially available kit (provide ID and company).	{'value': 'Commercial RNA baits kit ABC001-EC from company TE-Science, purchased 2020'}	sequencing	library|enrichment	True		string	False	False	{text}		Description of probe set used for target enrichment/library selection (a.k.a. capture)	
genomic_capture_probe_taxid	genomic capture probe taxonomic IDs	MIXS:999999932		NCBI taxon ID(s) of all organisms included in the baits of a whole organelle or whole genome-level capture panel. There should be an (ideally) species level taxonomic ID entry for each organism that had sequences included in the design. If whole genera were targeted, you can instead use a single genus level taxonomic ID or that of any relevant higher taxonomic unit.	{'value': '9789'}	sequencing	sequencing|library|enrichment|capture	True		integer	False	False			Taxonomic IDs corresponding to organism(s) included in target enrichment (a.k.a. capture) probe design	
geo_loc_name	geographic location (country and/or sea,region)	MIXS:0000010		The geographical origin of the sample as defined by the country or sea name followed by specific region name. Country or sea names should be chosen from the INSDC country list (http://insdc.org/country.html), or the GAZ ontology (http://purl.bioontology.org/ontology/GAZ)	{'value': 'USA: Maryland, Bethesda'}	environment	geographic|location		^([^\s-]{1,2}|[^\s-]+.+[^\s-]+): ([^\s-]{1,2}|[^\s-]+.+[^\s-]+), ([^\s-]{1,2}|[^\s-]+.+[^\s-]+)$	string		True		{'syntax': '^{text}: {text}, {text}$', 'interpolated': True, 'partial_match': True}		
geological_epoch	geological epoch	MIXS:999999902		The geological epoch approximating to the period within which the specimen or sample existed. Where possible use terms from ontologies.	{'value': 'Pliocene'}	nucleic acid sequence source	ancient|age	False		string	False	False	{termLabel} [{termID}]|{text}		ontology term; text	
gravidity	gravidity	MIXS:0000875		Whether or not subject is gravid, and if yes date due or date post-conception, specifying which is used	{'value': 'yes;due date:2018-05-11'}					string			{boolean};{timestamp}			
host_age	host age	MIXS:0000255		Age of host at the time of sampling; relevant scale depends on species and study, e.g. Could be seconds for amoebae or centuries for trees	{'value': '10 days'}		age|host|host.		^[-+]?[0-9]*\.?[0-9]+(?:[eE][-+]?[0-9]+)?( *- *[-+]?[0-9]*\.?[0-9]+(?:[eE][-+]?[0-9]+)?)? *([^\s-]{1,2}|[^\s-]+.+[^\s-]+)$	string				{'syntax': '^{scientific_float}( *- *{scientific_float})? *{text}$', 'interpolated': True, 'partial_match': True}		year, day, hour
host_body_habitat	host body habitat	MIXS:0000866		Original body habitat where the sample was obtained from	{'value': 'nasopharynx'}		body|habitat|host|host.			string						
host_body_preservation_state		MIXS:999999929		Description of the state of the sampled (ancient) organism/host as originally preserved in the burial environment or in the context museomics (eg. taxidermied or pinned), e.g. if the the sample was artificially or naturally (fully/partially) mummified at the time of death.	{'value': 'fully skeletonised.'}	nucleic acid sequence source	ancient	False		string	False	False	{text}		Description of the preservation of the sampled (ancient) organism/host.	
host_body_product	host body product	MIXS:0000888		Substance produced by the body, e.g. Stool, mucus, where the sample was obtained from. Use terms from the foundational model of anatomy ontology (fma) or Uber-anatomy ontology (UBERON)	{'value': 'mucus [FMA:66938]'}		body|host|host.|product			string			{termLabel} [{termID}]		FMA or UBERON	
host_body_site	host body site	MIXS:0000867		Name of body site where the sample was obtained from, such as a specific organ or tissue (tongue, lung etc...). Use terms from the foundational model of anatomy ontology (fma) or the Uber-anatomy ontology (UBERON)	{'value': 'gill [UBERON:0002535]'}		body|host|host.|site			string			{termLabel} [{termID}]		FMA or UBERON	
host_body_temp	host body temperature	MIXS:0000274		Core body temperature of the host when sample was collected	{'value': '15 degree Celsius'}		body|host|host.|temperature		^[-+]?[0-9]*\.?[0-9]+(?:[eE][-+]?[0-9]+)?( *- *[-+]?[0-9]*\.?[0-9]+(?:[eE][-+]?[0-9]+)?)? *([^\s-]{1,2}|[^\s-]+.+[^\s-]+)$	string				{'syntax': '^{scientific_float}( *- *{scientific_float})? *{text}$', 'interpolated': True, 'partial_match': True}		degree Celsius
host_color	host color	MIXS:0000260		The color of host			host|host.			string						
host_common_name	host common name	MIXS:0000248		Common name of the host	{'value': 'human'}		host|host.			string						
host_diet	host diet	MIXS:0000869		Type of diet depending on the host, for animals omnivore, herbivore etc., for humans high-fat, meditteranean etc.; can include multiple diet types	{'value': 'herbivore'}		diet|host|host.	True		string						
host_disease_stat	host disease status	MIXS:0000031		List of diseases with which the host has been diagnosed; can include multiple diagnoses. The value of the field depends on host; for humans the terms should be chosen from the DO (Human Disease Ontology) at https://www.disease-ontology.org, non-human host diseases are free text	{'value': 'rabies [DOID:11260]'}	nucleic acid sequence source	disease|host|host.|status			string			{termLabel} [{termID}]|{text}		disease name or Disease Ontology term	
host_dry_mass	host dry mass	MIXS:0000257		Measurement of dry mass	{'value': '500 gram'}		dry|host|host.|mass		^[-+]?[0-9]*\.?[0-9]+(?:[eE][-+]?[0-9]+)?( *- *[-+]?[0-9]*\.?[0-9]+(?:[eE][-+]?[0-9]+)?)? *([^\s-]{1,2}|[^\s-]+.+[^\s-]+)$	string				{'syntax': '^{scientific_float}( *- *{scientific_float})? *{text}$', 'interpolated': True, 'partial_match': True}		kilogram, gram
host_fam_rel	host family relationship	MIXS:0000872		Relationships to other hosts in the same study; can include multiple relationships	{'value': 'offspring;Mussel25'}		family|host|host.|relationship	True		string			{text};{text}		relationship type;arbitrary identifier	
host_genotype	host genotype	MIXS:0000365		Observed genotype	{'value': 'C57BL/6'}		host|host.			string						
host_growth_cond	host growth conditions	MIXS:0000871		Literature reference giving growth conditions of the host	{'value': 'https://academic.oup.com/icesjms/article/68/2/349/617247'}		condition|growth|host|host.		^^PMID:\d+$|^doi:10.\d{2,9}/.*$|^https?:\/\/(?:www\.)?[-a-zA-Z0-9@:%._\+~#=]{1,256}\.[a-zA-Z0-9()]{1,6}\b(?:[-a-zA-Z0-9()@:%_\+.~#?&\/=]*)$|([^\s-]{1,2}|[^\s-]+.+[^\s-]+)$	string				{'syntax': '^{PMID}|{DOI}|{URL}|{text}$', 'interpolated': True, 'partial_match': True}		
host_height	host height	MIXS:0000264		The height of subject	{'value': '0.1 meter'}		height|host|host.		^[-+]?[0-9]*\.?[0-9]+(?:[eE][-+]?[0-9]+)?( *- *[-+]?[0-9]*\.?[0-9]+(?:[eE][-+]?[0-9]+)?)? *([^\s-]{1,2}|[^\s-]+.+[^\s-]+)$	string				{'syntax': '^{scientific_float}( *- *{scientific_float})? *{text}$', 'interpolated': True, 'partial_match': True}		centimeter, millimeter, meter
host_last_meal	host last meal	MIXS:0000870		Content of last meal and time since feeding; can include multiple values	{'value': 'corn feed;P2H'}		host|host.	True		string			{text};{duration}		content;duration	
host_length	host length	MIXS:0000256		The length of subject	{'value': '1 meter'}		host|host.|length		^[-+]?[0-9]*\.?[0-9]+(?:[eE][-+]?[0-9]+)?( *- *[-+]?[0-9]*\.?[0-9]+(?:[eE][-+]?[0-9]+)?)? *([^\s-]{1,2}|[^\s-]+.+[^\s-]+)$	string				{'syntax': '^{scientific_float}( *- *{scientific_float})? *{text}$', 'interpolated': True, 'partial_match': True}		centimeter, millimeter, meter
host_life_stage	host life stage	MIXS:0000251		Description of life stage of host	{'value': 'adult'}		host|host.|life			string			{text}		stage	
host_phenotype	host phenotype	MIXS:0000874		Phenotype of human or other host. Use terms from the phenotypic quality ontology (pato) or the Human Phenotype Ontology (HP)	{'value': 'elongated [PATO:0001154]'}		host|host.			string			{termLabel} [{termID}]		PATO or HP	
host_sex	host sex	MIXS:0000811	example of non-binary from Excel sheets does not match any of the enumerated values	Gender or physical sex of the host			host|host.			string			"[female|hermaphrodite|non-binary|male|transgender|transgender (female to male)|transgender (male to female)
|undeclared]"		enumeration	
host_shape	host shape	MIXS:0000261		Morphological shape of host	{'value': 'round'}		host|host.			string						
host_subject_id	host subject id	MIXS:0000861		A unique identifier by which each subject can be referred to, de-identified	{'value': 'MPI123'}		host|host.|identifier			string						
host_subspecf_genlin	host subspecific genetic lineage	MIXS:0001318		Information about the genetic distinctness of the host organism below the subspecies level e.g., serovar, serotype, biotype, ecotype, variety, cultivar, or any relevant genetic typing schemes like Group I plasmid. Subspecies should not be recorded in this term, but in the NCBI taxonomy. Supply both the lineage name and the lineage rank separated by a colon, e.g., biovar:abc123	{'value': 'serovar:Newport, variety:glabrum, cultivar: Red Delicious'}		host|host.|lineage	True		string			{rank name}:{text}		Genetic lineage below lowest rank of NCBI taxonomy, which is subspecies, e.g. serovar, biotype, ecotype, variety, cultivar	
host_substrate	host substrate	MIXS:0000252		The growth substrate of the host	{'value': 'rock'}		host|host.			string						
host_symbiont	observed host symbionts	MIXS:0001298		The taxonomic name of the organism(s) found living in mutualistic, commensalistic, or parasitic symbiosis with the specific host. The sampled symbiont can have its own symbionts. For example, parasites may have hyperparasites (=parasites of the parasite)	{'value': 'flukeworms'}		host|host.|observed|symbiosis	True		string			{text}		species name or common name	
host_taxid	host taxid	MIXS:0000250		NCBI taxon id of the host, e.g. 9606	{'value': '7955'}		host|host.|taxon			string			{NCBI taxid}		NCBI taxon identifier	
host_tot_mass	host total mass	MIXS:0000263		Total mass of the host at collection, the unit depends on host	{'value': '2500 gram'}		host|host.|mass|total		^[-+]?[0-9]*\.?[0-9]+(?:[eE][-+]?[0-9]+)?( *- *[-+]?[0-9]*\.?[0-9]+(?:[eE][-+]?[0-9]+)?)? *([^\s-]{1,2}|[^\s-]+.+[^\s-]+)$	string				{'syntax': '^{scientific_float}( *- *{scientific_float})? *{text}$', 'interpolated': True, 'partial_match': True}		kilogram, gram
lat_lon	geographic location (latitude and longitude)	MIXS:0000009		The geographical origin of the sample as defined by latitude and longitude. The values should be reported in decimal degrees and in WGS84 system	{'value': '50.586825 6.408977'}	environment	geographic|location		^(-?((?:[0-8]?[0-9](?:\.\d{0,8})?)|90)) -?[0-9]+(?:\.[0-9]{0,8})?$|^-?(1[0-7]{1,2})$	string		True	{float} {float}	{'syntax': '^{lat} {lon}$', 'interpolated': True, 'partial_match': True}	decimal degrees,  limit to 8 decimal points	
lib_layout	library layout	MIXS:0000041		Specify whether to expect single, paired, or other configuration of reads	{'value': 'paired'}	sequencing	library			LIB_LAYOUT_ENUM	True					
lib_polymerase	library polymerase	MIXS:999999909		The polymerase enzyme used for building nucleic acid libraries.	{'value': 'AmpliTaq Gold DNA Polymerase'}	sequencing	polymerase|library|preparation			string	True	False	{text}		name of polymerase used during library construction	
lib_preparation_protocol	library preparation protocols	MIXS:999999907		Citation(s) for the nucleic acid library preparation protocol.	{'value': 'doi:10.1093/nar/gkr771'}	nucleic acid sequence source		True	^^PMID:\d+$|^doi:10.\d{2,9}/.*$|^https?:\/\/(?:www\.)?[-a-zA-Z0-9@:%._\+~#=]{1,256}\.[a-zA-Z0-9()]{1,6}\b(?:[-a-zA-Z0-9()@:%_\+.~#?&\/=]*)$$	string				{'syntax': '^{PMID}|{DOI}|{URL}$', 'interpolated': True, 'partial_match': True}		
lib_reads_seqd	library reads sequenced	MIXS:0000040		Total number of clones sequenced from the library	{'value': '20'}	sequencing	library			integer	True					
lib_screen	library screening strategy	MIXS:0000043		Specific enrichment or screening methods applied before and/or after creating libraries	{'value': 'enriched, screened, normalized'}	sequencing	library			string	True		{text}		screening strategy name	
lib_size	library size	MIXS:0000039		Total number of clones in the library prepared for the project	{'value': '50'}	sequencing	library|size			integer	True					
lib_strandedness	nucleic acid strandedness in library creation	MIXS:999999930		The strandedness of the original template nucleic acid molecules used for constructing the sequencing library	{'value': 'double'}	sequencing	library|preparation	True		LibStrand	True	False			nucleic acid library strandedness	
lib_type	library type	MIXS:999999910		The type of library created, i.e., amplicon, enriched, or shotgun. An amplicon library is a library that has been amplified to target a single specific region of a genome (e.g. a specific gene).  An enriched library is a library has had a particular genome, or multiple genomic regions/positions 'captured' or enriched typically via baits/probes. A shotgun library has undergone no type of targeted amplification/enrichment for a particular genomic region or genome, i.e., random sequencing of any nucleic acid molecule contained in a genomic library.	{'value': 'enriched'}	sequencing	library|preparation			LibTypeEnum	True	False				
lib_vector	library vector	MIXS:0000042		Cloning vector type(s) used in construction of libraries	{'value': 'Bacteriophage P1'}	sequencing	library			string	True		{text}		vector	
library_name	library name	MIXS:999999933		Any ID or name used for referring to a nucleic acid sequencing library associated with the sample.	{'value': 'A003-1-SG1'}	sequencing	sequencing	True		string	True	False			name of sequencing library	
mid	multiplex identifiers	MIXS:0000047		Molecular barcodes, called Multiplex Identifiers (MIDs), that are used to specifically tag unique samples in a sequencing run. Sequence should be reported in uppercase letters	{'value': 'GTGAATAT'}	sequencing	identifier		^[ACGTRKSYMWBHDVN]+$	string	True			{'syntax': '^{ambiguous_nucleotides}$', 'interpolated': True, 'partial_match': True}		
mid_config	multiplex identifiers or indexing configuration of libraries	MIXS:999999933		Index/barcode/primer configuration used during library building for sequencing. This includes information such as the number, type and location of indexes, the index/primer kit/list, or if 'inline' barcodes or UMIs were ligated directly onto the template molecules.	{'value': 'UDI index sequences.'}	sequencing	library|preparation	True		string	True	False	{text}		Description of the indexing configuration of the library	
misc_param	miscellaneous parameter	MIXS:0000752		Any other measurement performed or parameter collected, that is not listed here	{'value': 'Bicarbonate ion concentration;2075 micromole per kilogram'}		parameter	True		string			{text};{float} {unit}		parameter name;measurement value	
neg_cont_status	negative control status	MIXS:999999911		Specify whether the sample is a negative control or not.	{'value': 'true'}	nucleic acid sequence source	control			boolean						
neg_cont_type	negative control type	MIXS:0001321		The substance or equipment used as a negative control in an investigation		investigation	type			NEG_CONT_TYPE_ENUM	True				enumeration or text	
nuc_acid_extraction_date	date of extraction of nucleic acids from sample	MIXS:9999999904		The date when the nucleic acid extraction was started from the sample material. In case no exact time is available, the date can be right truncated i.e. all of these are valid times: 2008-01-23T19:23:10+00:00; 2008-01-23T19:23:10; 2008-01-23; 2008-01; 2008; Except: 2008-01; 2008 all are ISO8601 compliant	{'value': '2023-12-01'}	nucleic acid sequence source				datetime	True	False				
nucl_acid_amp	nucleic acid amplification	MIXS:0000038		A link to a literature reference, electronic resource or a standard operating procedure (SOP), that describes the enzymatic amplification (PCR, TMA, NASBA) of specific nucleic acids	{'value': 'https://phylogenomics.me/protocols/16s-pcr-protocol/'}	sequencing			^^PMID:\d+$|^doi:10.\d{2,9}/.*$|^https?:\/\/(?:www\.)?[-a-zA-Z0-9@:%._\+~#=]{1,256}\.[a-zA-Z0-9()]{1,6}\b(?:[-a-zA-Z0-9()@:%_\+.~#?&\/=]*)$$	string	True			{'syntax': '^{PMID}|{DOI}|{URL}$', 'interpolated': True, 'partial_match': True}		
nucl_acid_ext	nucleic acid extraction	MIXS:0000037		A link to a literature reference, electronic resource or a standard operating procedure (SOP), that describes the material separation to recover the nucleic acid fraction from a sample	{'value': 'https://mobio.com/media/wysiwyg/pdfs/protocols/12888.pdf'}	sequencing			^^PMID:\d+$|^doi:10.\d{2,9}/.*$|^https?:\/\/(?:www\.)?[-a-zA-Z0-9@:%._\+~#=]{1,256}\.[a-zA-Z0-9()]{1,6}\b(?:[-a-zA-Z0-9()@:%_\+.~#?&\/=]*)$$	string	True			{'syntax': '^{PMID}|{DOI}|{URL}$', 'interpolated': True, 'partial_match': True}		
num_capture_amp_cycles	number of reamplification cycles after capture	MIXS:999999912		Number of amplification cycles after capture enrichment	{'value': '12'}	sequencing		True		integer						
num_reamp_cycles	number of reamplification cycles	MIXS:999999913		Number of amplification cycles after library indexing PCR. If capture data, this refers to amplifications prior to the capture experiments.	{'value': '12'}	sequencing				integer						
number_contig	number of contigs	MIXS:0000060		Total number of contigs in the cleaned/submitted assembly that makes up a given genome, SAG, MAG, or UViG	{'value': '40'}	sequencing	number			integer	True					
organism_count	organism count	MIXS:0000103		Total cell count of any organism (or group of organisms) per gram, volume or area of sample, should include name of organism followed by count. The method that was used for the enumeration (e.g. qPCR, atp, mpn, etc.) Should also be provided. (example: total prokaryotes; 3.5e7 cells per ml; qpcr)	{'value': 'total prokaryotes;3.5e7 cells per milliliter;qPCR'}		count|organism	True		string			{text};{float} {unit};[ATP|MPN|qPCR|other]		organism name;measurement value;enumeration	
oxy_stat_samp	oxygenation status of sample	MIXS:0000753		Oxygenation status of sample	{'value': 'aerobic'}		oxygen|sample|status			OXY_STAT_SAMP_ENUM						
palaeopath_status	palaeopathology status	MIXS:999999926		Describe briefly any relevant palaeopathological or health-related observations of the remains of the individual under study.	{'value': 'Caries on right upper molar.'}	nucleic acid sequence source	palaeopathology|host health|ancient	False		string	False	False	{text}		description of health related observation on ancient remains	
permit_authority	permit authority	MIXS:999999905		Name of the authorit(ies) or institution(s) that granted sampling and analysis (e.g. human remains) and/or export permission (e.g. animal remains), as well any form of ethical approval (whether from institutional research ethics boards such as REB or IRBs, or indigenous or native community associations), if available.	{'value': 'Federal Foreign Office (Germany)'}	investigation	ethics|location	True		string	True	False			Name of authority providing permission or ethical approval.	
permit_date	date of permit approval	MIXS:9999999906		Date on which a permit was granted. The date can be right truncated i.e. all of these are valid times: 2008-01-23; 2008-01; 2008; Except: 2008-01; 2008 all are ISO8601 compliant.	{'value': '2023-12-01'}	investigation				datetime	True	False				
permit_id	permit or approval ID	MIXS:999999906		A permit ID, code, or any form of identify provided by any authority (ethical, local, legal, academic etc.) associated with the approval of the analysis of this particular sample, if available.	{'value': 'DE-123-JK'}	investigation	ethics	True		string	True	False				
permit_scope	permit scope	MIXS:999999928		Description of the original scope and permissions of the research on the genetic material, as was approved by a legal, ethical, or relevant authority (e.g. bacteria only, DNA only, bacteria and human, no host read analysis allowed). Note this description is only informative, and will not necessarily automatically apply restrictions to associated data to other researchers.	{'value': 'Defined scope only includes the study of bacterial sequences and any human sequence is not covered under the agreement.'}	ethics	ethics	True		string	True	False	{text}		Description of the scope of ethical permissions for data use.	
perturbation	perturbation	MIXS:0000754		Type of perturbation, e.g. chemical administration, physical disturbance, etc., coupled with perturbation regimen including how many times the perturbation was repeated, how long each perturbation lasted, and the start and end time of the entire perturbation period; can include multiple perturbation types	{'value': 'antibiotic addition;R2/2018-05-11T14:30Z/2018-05-11T19:30Z/P1H30M'}		perturbation	True		string			{text};{Rn/start_time/end_time/duration}		perturbation type name;perturbation interval and duration	
pos_cont_type	positive control type	MIXS:0001322		The substance, mixture, product, or apparatus used to verify that a process which is part of an investigation delivers a true positive		investigation	type			string	True		{term} or {text}			
preservational_treatment	preservational treatment	MIXS:999999914		Description of any treatment applied to samples for the purpose of  maximising collection preservation that may influence downstream  nucleic acid recovery or library construction, such as storage fluid or  reconstructive glue	{'value': 'stored in formalin'}	nucleic acid sequence source	ancient	True		string			{text}			
prev_pubs	previous publications	MIXS:999999915		Any publications that report data from the same body/skeleton/individual	{'value': 'doi:10.1016/j.jas.2015.02.0181'}	nucleic acid sequence source		True	^^PMID:\d+$|^doi:10.\d{2,9}/.*$|^https?:\/\/(?:www\.)?[-a-zA-Z0-9@:%._\+~#=]{1,256}\.[a-zA-Z0-9()]{1,6}\b(?:[-a-zA-Z0-9()@:%_\+.~#?&\/=]*)$$	string				{'syntax': '^{PMID}|{DOI}|{URL}$', 'interpolated': True, 'partial_match': True}		
project_name	project name	MIXS:0000092		Name of the project within which the sequencing was organized	{'value': 'Forest soil metagenome'}	investigation	project			string		True				
recovery_date	date of retrieval from depositional context	MIXS:9999999916		Date of excavation or retrieval from burial or depositional context, if known. In case no exact time is available, the date can be right truncated i.e. all of these are valid times: 2008-01-23T19:23:10+00:00; 2008-01-23T19:23:10; 2008-01-23; 2008-01; 2008; Except: 2008-01; 2008 all are ISO8601 compliant. If excavations were done during a longer period, report its midpoint at a month or year level.	{'value': '2023'}	nucleic acid sequence source				datetime	True	False				year
ref_biomaterial	reference for biomaterial	MIXS:0000025		Primary publication if isolated before genome publication; otherwise, primary genome report	{'value': 'doi:10.1016/j.syapm.2018.01.009'}	nucleic acid sequence source			^^PMID:\d+$|^doi:10.\d{2,9}/.*$|^https?:\/\/(?:www\.)?[-a-zA-Z0-9@:%._\+~#=]{1,256}\.[a-zA-Z0-9()]{1,6}\b(?:[-a-zA-Z0-9()@:%_\+.~#?&\/=]*)$$	string				{'syntax': '^{PMID}|{DOI}|{URL}$', 'interpolated': True, 'partial_match': True}		
ref_db	reference database(s)	MIXS:0000062		List of database(s) used for ORF annotation, along with version number and reference to website or publication	{'value': 'pVOGs;5;http://dmk-brain.ecn.uiowa.edu/pVOGs/ Grazziotin et al. 2017 doi:10.1093/nar/gkw975'}	sequencing	database			string			{database};{version};{reference}		names, versions, and references of databases	
rel_to_oxygen	relationship to oxygen	MIXS:0000015		Is this organism an aerobe, anaerobe? Please note that aerobic and anaerobic are valid descriptors for microbial environments	{'value': 'aerobe'}	nucleic acid sequence source	oxygen|relationship			REL_TO_OXYGEN_ENUM						
salinity	salinity	MIXS:0000183		The total concentration of all dissolved salts in a liquid or solid sample. While salinity can be measured by a complete chemical analysis, this method is difficult and time consuming. More often, it is instead derived from the conductivity measurement. This is known as practical salinity. These derivations compare the specific conductance of the sample to a salinity standard such as seawater	{'value': '25 practical salinity unit'}		salinity		^[-+]?[0-9]*\.?[0-9]+(?:[eE][-+]?[0-9]+)?( *- *[-+]?[0-9]*\.?[0-9]+(?:[eE][-+]?[0-9]+)?)? *([^\s-]{1,2}|[^\s-]+.+[^\s-]+)$	string				{'syntax': '^{scientific_float}( *- *{scientific_float})? *{text}$', 'interpolated': True, 'partial_match': True}		practical salinity unit, percentage
samp_age_range_inference_description	sample age inference description	MIXS:999999923		Additional general information about the inference method used to infer the sample age that can be useful for understanding how the sample age was estimated. This can be things such as whether radiocarbon age estimated on AMS or conventional radiocarbon dating, or which calibration confidence interval was used. It can also be used to describe what artefacts were used to age the stratigraphic layer of historical contexts. Include any relevant additional citations to the dating method here.	{'value': 'radiocarbon age ID: OxA-12345'}	investigation		False		string	True	False				
samp_age_range_inference_methods	sample age inference methods	MIXS:999999922		The method used to infer the sample age. This corresponds to a fixed list of most commonly used dating methods, such as radiocarbon dating, optically stimulated infrared luminescence, associated absolute dating (e.g. directly dated bone in same context), contextual dating (e.g. stratigraphic inference, or coin), historical records, other etc.). If the method is not in the list, please provide a description in samp_age_range_inference_description.	{'value': 'historical records'}	investigation		True		SampAgeInferMethod	True	False				
samp_age_range_oldest_limit	sample age range oldest limit	MIXS:999999920		The oldest possible age of the sample in years, with the specific year unit defined in samp_age_range_oldest_unit. Oldest refers to the time furthest from present day. Sample age refers to a period of time in the past, such as when an organism was living and then died, not the biological age. If a sample has only a single age value use this value in both samp_age_range_oldest_limit and samp_age_range_youngest_limit. Use a date that is as specific to the sample as possible (e.g., prefer direct dates over rough relative estimates). If the sample age is unknown, give a broad range in a reasonable timeframe, and justify in samp_age_range_inference_description.	{'value': '1900'}	nucleic acid sequence source				integer	True	True			age value corresponding to unit	
samp_age_range_oldest_unit	sample age range oldest unit	MIXS:999999921		The unit of the oldest age in sample age range.	{'value': 'Ma'}	investigation		True		SampAgeUnit	True	True				
samp_age_range_youngest_limit	sample age range youngest limit	MIXS:999999918		The youngest possible age of the sample in years, with the specific year unit defined in samp_age_range_youngest_unit. Youngest refers to the time closest to present day. Sample age refers to a period of time in the past, such as when an organism was living and then died, not the biological age. If a sample has only a single age value use this value in both samp_age_range_oldest_limit and samp_age_range_youngest_limit. Specify a date that is as specific to the sample as possible (e.g. prefer direct dates over rough relative estimates). If the sample age is unknown, give a broad range in a reasonable timeframe and justify in samp_age_range_inference_description.	{'value': '1700'}	nucleic acid sequence source				integer	True	True			age value corresponding to unit	
samp_age_range_youngest_unit	sample age range youngest unit	MIXS:999999919		The unit of the youngest age in the sample age range.	{'value': 'Ma'}	investigation		True		SampAgeUnit	True	True				
samp_alt_lab_ids	alternative sample IDs	MIXS:999999924		An alternative sample or material IDs related to the sample not already covered by terms samp_name and source_mat_id, including from associated other non-genetic analyses of the same sample (e.g. museum IDs, internal lab sample ID from sampling such a bone drilling). Can be specified multiple times for different ID contexts.	{'value': 'Museum ID: NHM_AR_123, Drilling ID: DRL_001, Extraction ID: ABC_24'}	investigation		True		string			{text}			
samp_capt_status	sample capture status	MIXS:0000860		Reason for the sample	{'value': 'farm sample'}		sample|status			SAMP_CAPT_STATUS_ENUM						
samp_collect_device	sample collection device	MIXS:0000002		The device used to collect an environmental sample. This field accepts terms listed under environmental sampling device (http://purl.obolibrary.org/obo/ENVO). This field also accepts terms listed under specimen collection device (http://purl.obolibrary.org/obo/GENEPIO_0002094)	{'value': 'swab, biopsy, niskin bottle, push core, drag swab [GENEPIO:0002713]'}	nucleic acid sequence source	device|sample			string	True		{termLabel} [{termID}]|{text}		device name	
samp_collect_method	sample collection method	MIXS:0001225		The method employed for collecting the sample	{'value': 'swabbing'}	nucleic acid sequence source	method|sample		^^PMID:\d+$|^doi:10.\d{2,9}/.*$|^https?:\/\/(?:www\.)?[-a-zA-Z0-9@:%._\+~#=]{1,256}\.[a-zA-Z0-9()]{1,6}\b(?:[-a-zA-Z0-9()@:%_\+.~#?&\/=]*)$|([^\s-]{1,2}|[^\s-]+.+[^\s-]+)$	string	True			{'syntax': '^{PMID}|{DOI}|{URL}|{text}$', 'interpolated': True, 'partial_match': True}		
samp_decontam_pretreat	sample decontamination pretreatment	MIXS:999999917		Method(s) employed for surface decontamination of samples of external  modern nucleic acids; Treatment used on the samples. Depends on the sample type.  More relevant for bones than environmental samples. E.g. buffers, EDTA, etc.	{'value': 'doi:10.1016/j.jas.2015.02.0181'}	nucleic acid sequence source		True	^^PMID:\d+$|^doi:10.\d{2,9}/.*$|^https?:\/\/(?:www\.)?[-a-zA-Z0-9@:%._\+~#=]{1,256}\.[a-zA-Z0-9()]{1,6}\b(?:[-a-zA-Z0-9()@:%_\+.~#?&\/=]*)$$	string				{'syntax': '^{PMID}|{DOI}|{URL}$', 'interpolated': True, 'partial_match': True}		
samp_dis_stage	sample disease stage	MIXS:0000249		Stage of the disease at the time of sample collection, e.g. inoculation, penetration, infection, growth and reproduction, dissemination of pathogen	{'value': 'infection'}		disease|sample			SAMP_DIS_STAGE_ENUM						
samp_mat_process	sample material processing	MIXS:0000016		A brief description of any processing applied to the sample during or after retrieving the sample from environment, or a link to the relevant protocol(s) performed	{'value': 'filtering of seawater, storing samples in ethanol'}	nucleic acid sequence source	material|process|sample			string	True					
samp_name	sample name	MIXS:0001107		A local identifier or name that for the material sample used for extracting nucleic acids, and subsequent sequencing. It can refer either to the original material collected or to any derived sub-samples. It can have any format, but we suggest that you make it concise, unique and consistent within your lab, and as informative as possible. INSDC requires every sample name from a single Submitter to be unique. Use of a globally unique identifier for the field source_mat_id is recommended in addition to sample_name	{'value': 'ISDsoil1'}	investigation	sample			string		True				
samp_size	amount or size of sample collected	MIXS:0000001		The total amount or size (volume (ml), mass (g) or area (m2) ) of sample collected	{'value': '5 liter'}	nucleic acid sequence source	sample|size		^[-+]?[0-9]*\.?[0-9]+(?:[eE][-+]?[0-9]+)?( *- *[-+]?[0-9]*\.?[0-9]+(?:[eE][-+]?[0-9]+)?)? *([^\s-]{1,2}|[^\s-]+.+[^\s-]+)$	string	True			{'syntax': '^{scientific_float}( *- *{scientific_float})? *{text}$', 'interpolated': True, 'partial_match': True}		
samp_store_dur	sample storage duration	MIXS:0000116		Duration for which the sample was stored. Indicate the duration for which the sample was stored written in ISO 8601 format	{'value': 'P1Y6M'}		duration|period|sample|storage		^P(?:(?:\d+D|\d+M(?:\d+D)?|\d+Y(?:\d+M(?:\d+D)?)?)(?:T(?:\d+H(?:\d+M(?:\d+S)?)?|\d+M(?:\d+S)?|\d+S))?|T(?:\d+H(?:\d+M(?:\d+S)?)?|\d+M(?:\d+S)?|\d+S)|\d+W)$	string				{'syntax': '^{duration}$', 'interpolated': True, 'partial_match': True}		
samp_store_loc	sample storage location	MIXS:0000755		Location at which sample was stored, usually name of a specific freezer/room	{'value': 'Freezer no:5'}		location|sample|storage			string			{text}		location name	
samp_store_temp	sample storage temperature	MIXS:0000110		Temperature at which sample was stored, e.g. -80 degree Celsius	{'value': '-80 degree Celsius'}		sample|storage|temperature		^[-+]?[0-9]*\.?[0-9]+(?:[eE][-+]?[0-9]+)?( *- *[-+]?[0-9]*\.?[0-9]+(?:[eE][-+]?[0-9]+)?)? *([^\s-]{1,2}|[^\s-]+.+[^\s-]+)$	string				{'syntax': '^{scientific_float}( *- *{scientific_float})? *{text}$', 'interpolated': True, 'partial_match': True}		degree Celsius
samp_taxon_id	taxonomy ID of DNA sample	MIXS:0001320		NCBI taxon id of the sample.  Maybe be a single taxon or mixed taxa sample. Use 'synthetic metagenome  for mock community/positive controls, or 'blank sample' for negative controls	{'value': 'Gut Metagenome [NCBITaxon:749906]'}	investigation	dna|identifier|sample|taxon		^([^\s-]{1,2}|[^\s-]+.+[^\s-]+) \[NCBITaxon:\d+\]$	string		True		{'syntax': '^{text} \\[{NCBItaxon_id}\\]$', 'interpolated': True, 'partial_match': True}		
samp_vol_we_dna_ext	sample volume or weight for DNA extraction	MIXS:0000111		Volume (ml) or mass (g) of total collected sample processed for DNA extraction. Note: total sample collected should be entered under the term Sample Size (MIXS:0000001)	{'value': '1500 milliliter'}	nucleic acid sequence source	dna|sample|volume|weight		^[-+]?[0-9]*\.?[0-9]+(?:[eE][-+]?[0-9]+)?( *- *[-+]?[0-9]*\.?[0-9]+(?:[eE][-+]?[0-9]+)?)? *([^\s-]{1,2}|[^\s-]+.+[^\s-]+)$	string				{'syntax': '^{scientific_float}( *- *{scientific_float})? *{text}$', 'interpolated': True, 'partial_match': True}		milliliter, gram, milligram, square centimeter
seq_meth	sequencing method	MIXS:0000050		Sequencing machine used. Where possible the term should be taken from the OBI list of DNA sequencers (http://purl.obolibrary.org/obo/OBI_0400103)	{'value': '454 Genome Sequencer FLX [OBI:0000702]'}	sequencing	method		^([^\s-]{1,2}|[^\s-]+.+[^\s-]+)|(([^\s-]{1,2}|[^\s-]+.+[^\s-]+) \[[a-zA-Z]{2,}:[a-zA-Z0-9]\d+\])$	string		True		{'syntax': '^{text}|({termLabel} \\[{termID}\\])$', 'interpolated': True, 'partial_match': True}		
sim_search_meth	similarity search method	MIXS:0000063		Tool used to compare ORFs with database, along with version and cutoffs used	{'value': 'HMMER3;3.1b2;hmmsearch, cutoff of 50 on score'}	sequencing	method		^([^\s-]{1,2}|[^\s-]+.+[^\s-]+);([^\s-]{1,2}|[^\s-]+.+[^\s-]+);([^\s-]{1,2}|[^\s-]+.+[^\s-]+)$	string				{'syntax': '^{software};{version};{parameters}$', 'interpolated': True, 'partial_match': True}		
site_name	Name of site or location where sample originated	MIXS:999999933		Designated name of the archaeological or ecological site, ancient settlement, or location etc. where the sample was originally collected. Can be a non-geographical name, such as a field-specific name or code, the official name of an excavation, or a colloquial name that is used in academic literature. Typically names that would not be found on official maps. Can also include different transliterations or languages used in the literature.	{'value': 'Kap KÃ¸benhavn Formation'}	environment	environment|sample	True		string	False	False			Name of site or location where sample was originated	
size_frac	size fraction selected	MIXS:0000017		Filtering pore size used in sample preparation	{'value': '0-0.22 micrometer'}	nucleic acid sequence source	fraction|size			string			{float}-{float} {unit}		filter size value range	
sop	relevant standard operating procedures	MIXS:0000090		Standard operating procedures used in assembly and/or annotation of genomes, metagenomes or environmental sequences	{'value': 'http://press.igsb.anl.gov/earthmicrobiome/protocols-and-standards/its/'}	sequencing	procedures	True		string	True		{PMID}|{DOI}|{URL}		reference to SOP	
source_mat_curat_insti	Institution storing or archiving the source material	MIXS:999999901		Name of the institutions, archives, or repositories that typically store or archive the specimen or object that was sampled for nucleic acid extraction. Typically will be the 'owning institution'. Multiple responsible or relevant institutions can be specified, for the purpose of requesting access to the original source material.	{'value': 'Herbarium, Royal Botanic Gardens, Kew'}	nucleic acid sequence source	storage	True		string	True	False			name of typical storage or archiving institution	
source_mat_id	source material identifiers	MIXS:0000026		A unique identifier assigned to a material sample (as defined by http://rs.tdwg.org/dwc/terms/materialSampleID, and as opposed to a particular digital record of a material sample) used for extracting nucleic acids, and subsequent sequencing. The identifier can refer either to the original material collected or to any derived sub-samples. The INSDC qualifiers /specimen_voucher, /bio_material, or /culture_collection may or may not share the same value as the source_mat_id field. For instance, the /specimen_voucher qualifier and source_mat_id may both contain 'UAM:Herps:14' , referring to both the specimen voucher and sampled tissue with the same identifier. However, the /culture_collection qualifier may refer to a value from an initial culture (e.g. ATCC:11775) while source_mat_id would refer to an identifier from some derived culture from which the nucleic acids were extracted (e.g. xatc123 or ark:/2154/R2)	{'value': 'MPI012345'}	nucleic acid sequence source	identifier|material|source	True		string	True		{text}		for cultures of microorganisms: identifiers for two culture collections; for other material a unique arbitrary identifer	
storage_conditions	storage conditions	MIXS:999999925		General conditions in which the material (before sampling for nucleic acid analysis) was stored in long-term collection storage, that may influenced nucleic acid recovery or library construction. For example, specify temperature, humidity, presence of microbial overgrowth etc..	{'value': 'Stored at -20oC until nuc_acid_extraction_date'}	nucleic acid sequence source				string			{text}			
tax_class	taxonomic classification	MIXS:0000064		Method used for taxonomic classification, along with reference database used, classification rank, and thresholds used to classify new genomes	{'value': 'vConTACT vContact2 (references from NCBI RefSeq v83, genus rank classification, default parameters)'}	sequencing	classification|taxon			string						
temp	temperature	MIXS:0000113		Temperature of the sample at the time of sampling	{'value': '25 degree Celsius'}	environment	temperature		^[-+]?[0-9]*\.?[0-9]+(?:[eE][-+]?[0-9]+)?( *- *[-+]?[0-9]*\.?[0-9]+(?:[eE][-+]?[0-9]+)?)? *([^\s-]{1,2}|[^\s-]+.+[^\s-]+)$	string	True			{'syntax': '^{scientific_float}( *- *{scientific_float})? *{text}$', 'interpolated': True, 'partial_match': True}		degree Celsius
